{"mae":5.4205113287,"rmse":7.3609963451,"r2":-0.4451581649}